{
	"type": "SingleTypeGenerator",
	"name": "Iran Reactor",
	"description": "Reactor",
	"size": 7,
	"hasPower": true,
	"hasItems": true,
	"itemDuration": 30,
	"powerProduction": 20,
	"consumes": {
		"items": {
			"items": [
				{ "item": "uran", "amount": 1 }
			],
			"optional": true
		}
	},
	"requirements": [
		{ "item": "metaglass", "amount": 80 },
		{ "item": "silicon", "amount": 60 },
		{ "item": "silver", "amount": 50 },
		{ "item": "titanium", "amount": 80 }
	],
	"category": "power",
	"research": "silver-crucible"
}
